<?xml version="1.0" encoding="UTF-8" standalone="no"?>
<Entities>
    <ExtensionPackages>
        <ExtensionPackage dependsOn="" description="" minimumThingWorxVersion="8.3.0" name="tabsV2-localized" packageVersion="1.0.0" vendor="Pfizer"> 
        </ExtensionPackage>
    </ExtensionPackages>
    <Widgets>
        <Widget name="tabsv2localized">
            <UIResources>
                <FileResource description="" file="tabsv2localized.ide.js" isDevelopment="true" isRuntime="false" type="JS"/>
                <FileResource description="" file="tabsv2localized.ide.css" isDevelopment="true" isRuntime="false" type="CSS"/>
                <FileResource description="" file="tabsv2localized.runtime.js" isDevelopment="false" isRuntime="true" type="JS"/>
                <FileResource description="" file="tabsv2localized.runtime.css" isDevelopment="false" isRuntime="true" type="CSS"/>
            </UIResources>
        </Widget>
    </Widgets>
</Entities>
